[
    {
        "id": "6049dbd2-45bc-4e34-9ea2-c82ced0279f1",
        "alert_type": "Unsafe driving",
        "vehicle_id": "cc70a7e5-8397-4914-bbbb-4d6bb521ec67",
        "driver_friendly_name": "Ramesh",
        "vehicle_friendly_name": "KA12A3456",
        "timestamp": "2023-12-02T04:25:45.424Z"
    },
    {
        "id": "6049dbd2-45bc-4e34-9ea2-c82ced0279f3",
        "alert_type": "Distracted driver",
        "vehicle_id": "cc70a7e5-8397-4914-bbbb-4d6bb521fc67",
        "driver_friendly_name": "Ramesh",
        "vehicle_friendly_name": "KA12A3456",
        "timestamp": "2023-12-02T04:25:45.424Z"
    },
    {
        "id": "5149dbd2-45bc-4e34-9ea2-c82ced0279f1",
        "alert_type": "Distracted driver",
        "vehicle_id": "dd70a7e5-8397-4914-bbbb-4d6bb521ec67",
        "driver_friendly_name": "Suresh",
        "vehicle_friendly_name": "MH12A3456",
        "timestamp": "2023-12-01T04:24:45.424Z"
    }
]
